SEX,PHENOTYPE,X6.32222064_G,X6.32434112_A,X6.32441279_A,X6.32444056_T,X6.32446112_C,X6.32603170_T,X6.32607881_G,X6.32607958_G,X6.32608141_T,X6.32608944_A,X6.32624365_T,X6.32636347_A
2,1,0,0,1,0,1,0,0,1,0,2,1,0
2,1,1,0,0,1,0,1,0,1,0,1,0,0
1,1,1,1,2,0,1,0,0,1,0,1,1,1
2,1,0,0,0,2,0,2,2,0,2,0,2,2
2,1,0,0,0,1,1,1,2,0,1,0,1,0
2,1,1,0,0,2,0,2,2,0,1,0,1,1
2,1,0,0,0,2,0,1,1,0,1,1,2,2
2,1,1,0,1,0,2,0,0,1,0,2,1,1
2,1,1,0,0,1,1,1,1,0,0,0,0,0
2,1,1,0,1,1,1,1,1,0,1,1,2,1
1,1,1,0,0,1,1,0,0,0,0,2,2,2
2,1,1,0,0,2,0,0,1,1,1,1,1,1
2,1,1,1,2,0,2,0,0,1,0,2,1,1
2,1,1,0,0,2,0,0,0,0,0,2,2,2
1,1,1,0,0,2,0,2,1,0,1,0,1,1
2,1,0,0,0,2,0,2,1,0,1,0,1,1
1,1,2,1,1,1,1,1,1,1,1,1,1,1
1,1,1,1,1,1,0,1,1,0,0,0,0,0
2,1,1,0,0,1,1,0,0,0,0,2,2,2
2,1,1,1,1,0,0,1,0,0,0,0,0,0
2,1,1,0,0,1,1,1,1,0,1,1,1,1
2,1,1,0,0,2,0,2,2,0,2,0,2,2
2,1,1,1,2,0,2,0,0,1,0,2,1,1
2,1,1,1,2,0,2,0,0,0,0,2,0,0
2,1,1,0,0,2,0,0,0,0,0,2,2,2
2,1,1,2,2,0,1,0,0,0,0,1,1,1
2,1,0,0,1,1,1,0,0,2,0,2,2,2
2,1,0,0,0,2,0,1,1,0,0,1,1,1
2,1,1,0,0,2,0,2,1,0,0,0,0,0
2,1,0,0,1,1,1,1,0,0,0,1,1,1
1,1,0,0,2,0,2,2,2,0,0,0,0,0
2,1,1,1,1,1,1,0,0,1,0,2,1,1
2,1,1,0,0,0,2,0,0,0,0,1,0,0
1,1,0,0,0,1,1,1,0,0,0,1,0,0
1,1,1,1,1,0,1,0,1,0,1,0,1,0
2,1,0,1,1,1,0,0,0,0,0,1,1,1
2,1,1,0,0,2,0,1,1,0,1,1,2,2
2,1,1,1,1,0,2,0,0,0,0,2,2,2
2,1,2,0,0,1,1,0,0,0,0,2,2,2
1,1,2,1,2,0,2,0,0,0,0,2,1,0
2,1,1,0,0,2,0,2,2,0,1,0,1,1
2,1,0,0,0,1,0,2,1,0,1,0,1,1
2,1,1,1,1,0,1,1,0,0,0,1,0,0
2,1,2,1,1,1,0,1,1,0,1,0,1,1
2,1,1,0,0,2,0,1,1,0,1,1,2,2
2,1,1,0,0,1,1,0,0,0,0,2,1,1
2,1,0,0,1,1,1,1,1,0,1,1,2,1
2,1,0,0,1,1,1,2,2,0,0,0,0,0
2,1,0,0,0,1,0,2,1,0,0,0,0,0
2,1,1,0,0,1,1,0,0,1,0,2,2,2
2,1,1,0,0,2,0,1,1,0,1,1,1,1
2,1,1,0,0,2,0,2,1,0,1,0,1,1
2,1,2,0,0,2,0,1,0,0,0,1,1,1
2,1,1,0,1,1,1,1,1,0,1,1,2,1
1,1,1,0,0,0,1,0,0,0,0,2,1,0
1,1,2,0,0,1,1,1,1,0,1,0,1,0
1,1,0,1,1,1,0,2,2,0,1,0,0,1
1,1,2,0,0,0,2,0,0,0,0,2,1,0
1,1,0,0,0,0,1,0,1,0,1,1,2,0
1,1,2,0,1,0,2,0,0,0,0,2,1,0
1,1,0,0,1,0,2,1,1,0,1,0,1,0
2,1,0,0,1,1,1,1,0,1,0,1,0,0
2,1,0,0,1,1,1,0,1,0,1,1,2,2
2,1,0,0,1,1,1,0,0,1,0,2,0,0
1,1,0,0,0,1,1,0,1,1,1,1,1,0
2,1,0,0,0,2,0,1,1,1,0,1,0,0
1,1,2,0,0,2,0,1,0,0,0,1,1,1
1,1,1,1,1,1,0,1,1,0,1,0,1,1
1,1,1,1,1,1,0,1,0,0,0,1,0,0
1,1,0,0,0,0,0,0,0,1,0,2,1,1
1,1,2,0,1,0,2,0,0,1,0,2,0,0
1,1,0,0,1,1,1,1,2,0,1,0,1,1
2,1,1,0,1,1,1,1,0,0,0,1,1,1
1,1,2,0,1,1,1,1,1,0,0,1,1,0
2,1,0,0,0,2,0,2,2,0,2,0,2,2
2,1,1,1,1,1,0,0,1,0,1,0,1,1
1,2,2,0,1,1,1,1,0,1,0,1,0,0
1,2,0,0,0,1,0,0,1,0,1,1,2,0
2,1,1,1,1,1,1,0,1,0,1,1,1,0
2,2,1,0,2,0,2,0,0,1,0,2,1,0
2,2,1,1,1,1,1,0,0,0,0,2,1,1
1,2,1,0,1,0,2,0,0,1,0,2,0,0
2,2,1,0,1,1,1,2,2,0,0,0,0,0
1,1,1,0,1,1,1,0,0,0,0,2,2,1
2,1,2,0,0,2,0,1,1,0,0,1,1,1
2,1,1,0,0,1,1,1,1,0,1,0,1,0
2,2,1,0,0,2,0,0,0,0,0,2,2,2
2,1,2,0,1,0,2,0,0,0,0,2,1,0
2,2,0,0,1,1,1,2,2,0,1,0,1,1
2,2,2,0,1,1,1,1,0,1,0,1,0,0
1,1,2,0,0,2,0,1,1,0,1,1,2,2
1,1,1,0,0,2,0,2,1,0,1,0,1,1
1,2,2,1,1,1,1,1,1,1,0,1,0,0
2,2,1,0,1,0,2,1,1,0,0,1,0,0
2,1,0,0,0,1,1,0,0,0,0,2,1,1
2,1,0,0,1,1,1,0,0,1,0,2,0,0
1,2,0,0,1,1,1,2,2,0,1,0,1,1
2,2,0,0,2,0,1,2,2,0,1,0,1,1
1,2,1,0,1,1,1,1,1,1,0,1,0,0
2,2,1,0,1,0,2,0,0,0,0,2,1,0
2,2,2,0,1,1,1,1,1,0,0,1,1,0
2,1,0,0,0,2,0,1,1,0,1,1,2,2
2,2,1,0,1,0,2,0,0,0,0,2,1,0
1,2,0,0,0,1,1,1,1,0,1,1,1,1
2,2,1,0,1,1,1,1,1,1,0,1,0,0
2,1,1,1,1,1,1,1,1,0,0,1,1,1
2,2,0,0,1,1,1,1,1,1,1,1,2,2
2,1,1,0,0,2,0,1,1,0,1,1,2,2
2,2,1,0,1,1,1,1,1,1,1,1,1,1
2,1,1,0,1,1,1,1,1,1,1,1,1,1
1,1,0,0,0,2,0,1,1,0,0,1,0,0
2,1,1,0,1,1,1,1,1,0,1,1,2,1
2,2,1,0,1,1,1,1,1,1,1,1,1,1
2,1,0,0,1,1,1,1,1,0,0,1,1,0
1,1,0,0,1,1,1,1,1,1,1,1,2,2
2,2,1,0,0,1,1,0,1,0,1,1,2,2
2,2,1,0,1,0,1,1,1,0,1,1,2,2
2,2,1,1,1,1,1,1,1,0,0,1,1,1
2,2,1,0,2,0,2,1,2,0,2,0,1,1
2,2,0,0,1,0,1,1,1,0,0,1,1,0
2,1,2,1,1,0,2,0,0,1,0,2,0,0
2,1,1,0,0,2,0,1,2,0,2,0,2,2
2,1,0,0,1,1,1,1,1,0,1,1,2,1
2,2,0,0,1,1,1,0,0,0,0,2,2,1
2,2,0,0,1,1,1,1,1,0,0,1,1,0
2,2,1,0,1,0,2,0,0,1,0,2,1,1
1,1,1,0,0,2,0,1,1,1,0,1,0,0
2,1,0,0,0,1,0,1,1,0,1,1,2,1
2,2,0,0,1,0,2,0,0,0,0,2,0,0
2,2,1,1,1,1,1,1,0,1,0,1,0,0
2,2,0,0,0,2,0,1,2,0,1,0,1,0
1,1,1,1,2,0,1,1,1,0,0,0,0,0
1,2,1,1,1,1,0,0,0,0,0,1,1,1
2,1,1,0,0,2,0,1,1,1,0,1,0,0
2,2,1,1,2,0,1,0,0,1,0,1,0,0
2,2,0,0,1,0,1,1,1,0,0,1,1,0
1,2,1,0,0,2,0,1,0,0,0,1,1,1
2,2,1,0,0,2,0,2,2,0,0,0,0,0
2,2,1,0,1,0,2,0,0,1,0,2,0,0
2,2,1,0,1,1,1,1,1,0,0,1,1,0
1,2,1,0,0,2,0,2,1,0,0,0,0,0
2,2,1,0,0,2,0,1,1,1,0,1,0,0
2,2,1,0,0,2,0,1,1,0,0,1,0,0
2,2,1,0,0,2,0,1,1,1,0,1,0,0
2,2,1,0,0,0,2,0,0,0,0,2,1,1
2,1,0,0,1,1,1,1,1,0,0,1,1,1
2,1,0,0,0,1,0,1,0,0,0,2,2,0
2,2,1,0,1,0,2,0,1,0,1,1,1,0
1,2,1,0,0,1,1,1,1,0,1,1,1,1
2,1,1,0,0,2,0,2,2,0,0,0,0,0
2,2,0,0,1,1,1,2,1,0,0,1,1,0
2,2,2,0,0,0,2,0,0,0,0,2,1,0
2,2,1,1,1,1,0,1,1,0,1,0,1,1
2,2,0,0,0,1,1,1,1,0,0,1,0,0
2,2,1,0,0,2,0,2,1,0,1,1,2,1
2,1,1,0,0,2,0,2,2,0,0,0,0,0
2,2,2,0,0,1,1,1,2,0,1,0,1,1
2,2,1,2,2,0,1,1,1,1,1,1,0,1
2,2,1,0,0,2,0,1,1,0,0,1,1,1
2,2,1,0,0,1,1,0,1,0,1,1,1,0
1,1,2,0,0,1,1,1,1,0,1,0,1,1
2,2,1,0,0,1,1,1,1,0,0,1,0,0
2,1,1,0,0,1,1,1,2,0,1,0,1,1
2,2,1,0,0,0,2,0,0,0,0,2,1,1
1,2,2,1,2,0,2,0,1,1,1,1,1,0
1,2,0,0,0,1,1,2,2,0,2,0,1,2
2,2,2,1,1,0,2,0,0,0,0,2,0,0
2,2,1,0,0,1,1,0,1,0,1,1,1,1
2,2,2,0,1,1,1,1,1,1,0,1,0,0
2,1,1,2,2,0,2,0,0,1,0,2,0,0
2,2,1,0,0,2,0,2,2,0,1,0,1,1
2,2,1,0,0,2,0,2,1,0,1,0,1,1
2,2,1,1,2,0,1,0,0,0,0,1,1,0
1,2,1,0,0,2,0,1,1,0,0,1,0,0
2,2,1,0,0,1,1,1,1,0,1,1,1,1
2,2,1,0,0,2,0,1,1,0,0,1,0,0
1,2,2,0,0,1,1,0,0,1,0,2,1,1
2,1,0,0,1,1,1,2,2,0,1,0,1,1
2,1,0,0,1,1,1,2,2,0,1,0,1,1
2,2,1,0,0,2,0,2,2,0,0,0,0,0
2,1,1,0,0,1,1,0,0,1,0,2,0,0
2,1,1,1,2,0,1,0,0,0,0,1,0,0
2,2,0,1,1,1,0,1,2,0,2,0,1,2
2,2,1,2,2,0,2,0,0,2,0,2,0,0
2,2,2,0,1,0,2,0,1,0,1,1,2,0
2,2,1,0,0,1,0,1,1,0,1,1,1,1
2,2,1,1,2,0,1,0,0,0,0,1,0,0
2,2,2,0,0,1,1,1,2,0,1,0,1,1
2,2,1,1,2,0,2,0,0,1,0,2,0,0
2,2,2,1,1,1,1,1,1,1,1,1,1,1
1,2,1,0,1,1,1,1,1,1,0,1,0,0
2,2,1,0,2,0,2,0,1,0,1,1,2,1
2,2,1,0,1,0,2,0,0,1,0,2,1,1
1,2,2,2,2,0,2,0,0,2,0,2,0,0
1,2,1,1,1,1,0,1,1,0,0,0,0,0
1,1,2,1,1,1,1,1,0,1,0,1,0,0
1,2,2,1,2,0,1,0,0,0,0,1,1,0
2,1,1,0,1,1,1,1,1,0,0,1,1,0
1,1,0,0,0,2,0,2,2,0,1,0,1,1
1,2,1,0,1,0,2,0,0,1,0,2,0,0
2,1,0,0,0,1,1,1,1,0,0,1,1,0
2,2,1,1,1,1,0,1,1,0,0,0,0,0
1,1,1,0,1,1,1,1,1,0,0,1,1,0
2,1,1,0,0,2,0,1,1,0,0,1,1,1
2,2,1,0,0,1,1,0,1,0,1,1,1,1
2,2,0,0,0,1,1,1,1,0,1,1,1,1
2,1,2,1,2,0,1,0,0,0,0,1,1,0
2,2,2,0,0,1,1,1,0,0,0,1,0,0
1,2,1,0,0,1,1,1,1,0,1,1,1,1
2,2,0,0,1,1,1,2,2,0,1,0,1,1
2,2,1,1,1,1,1,0,0,1,0,2,1,1
2,2,0,0,0,0,1,0,0,0,0,2,2,1
2,1,0,0,0,0,1,1,0,0,0,1,0,0
2,1,2,0,1,1,1,1,1,0,1,1,1,2
1,2,0,1,1,0,1,0,0,1,0,2,1,0
2,1,2,1,1,0,1,0,0,0,0,1,0,0
2,1,0,0,0,2,0,1,1,0,1,1,2,2
2,2,1,1,1,1,0,0,0,0,0,1,1,1
1,1,0,0,0,2,0,1,1,0,1,1,2,2
2,1,1,0,1,1,1,1,1,1,1,1,1,1
2,2,1,0,1,1,1,1,1,1,1,1,1,1
1,1,1,0,2,0,2,0,0,1,0,2,1,0
2,1,0,0,0,2,0,1,1,1,0,1,1,1
1,2,2,1,2,0,2,0,0,2,0,2,0,0
2,1,1,0,1,1,1,0,0,2,0,2,1,1
2,1,1,1,1,1,1,0,0,0,0,2,1,1
2,2,2,0,0,2,0,2,1,0,1,0,1,1
1,1,1,1,1,1,1,1,1,0,0,1,1,1
2,2,1,0,1,1,1,1,1,0,1,1,2,2
1,1,1,1,2,0,2,0,0,0,0,2,2,2
2,1,2,1,1,1,0,1,1,0,0,0,0,0
1,2,0,1,2,0,1,1,1,0,1,1,1,1
1,1,2,0,0,2,0,1,1,0,0,1,0,0
2,2,2,0,0,0,2,0,0,0,0,2,1,1
2,1,1,0,0,2,0,2,2,0,1,0,1,1
2,2,1,0,0,2,0,2,1,0,1,0,1,1
2,2,0,0,0,2,0,2,2,0,1,0,1,1
2,2,1,1,1,0,2,0,0,0,0,2,1,1
2,1,0,0,0,2,0,1,1,0,1,1,2,2
2,2,2,0,0,1,1,0,0,1,0,2,0,0
1,2,1,0,0,2,0,1,2,0,2,0,2,2
2,1,1,0,1,1,1,1,1,0,1,1,2,1
1,2,2,1,1,1,1,0,0,1,0,2,1,1
2,2,1,0,0,2,0,1,1,0,0,1,0,0
2,1,1,1,1,0,1,1,0,0,0,1,0,0
2,2,1,0,0,2,0,1,1,1,0,1,1,1
2,2,0,0,1,1,1,1,1,1,0,1,0,0
2,1,1,1,1,1,1,1,1,1,1,1,1,1
2,2,2,1,1,1,1,1,1,1,1,1,1,1
1,2,0,0,0,1,1,1,1,0,1,1,2,2
2,1,1,0,0,1,0,2,1,0,0,0,0,0
2,2,2,1,1,1,1,1,1,0,0,1,1,1
2,1,2,1,1,0,1,0,0,1,0,2,1,0
2,2,2,0,0,0,2,0,0,0,0,2,1,0
2,2,1,1,1,0,2,1,1,0,0,1,0,0
2,2,0,0,0,2,0,1,1,0,1,1,2,2
1,2,1,0,0,0,1,1,0,0,0,1,0,0
2,2,1,0,0,1,1,1,0,0,0,1,0,0
2,1,1,0,1,1,1,0,1,0,1,1,2,1
1,1,1,0,0,2,0,2,2,0,1,0,1,1
2,2,2,0,0,1,0,1,1,0,0,1,1,0
2,1,0,0,0,2,0,0,1,0,1,1,2,2
1,1,1,2,2,0,1,1,1,1,1,1,0,1
1,1,0,0,0,2,0,1,1,1,1,1,1,1
2,2,0,0,0,1,0,1,1,0,0,1,1,0
2,2,1,0,0,2,0,1,1,0,0,1,1,1
2,2,2,1,1,0,2,0,0,1,0,2,0,0
1,1,1,0,0,2,0,1,1,0,1,0,1,0
2,2,2,0,0,2,0,2,1,0,1,0,1,1
1,1,1,0,0,2,0,1,1,0,1,1,2,2
2,2,0,0,0,2,0,1,1,1,1,1,1,1
2,1,1,0,0,1,1,1,1,0,1,1,1,1
2,1,1,0,0,2,0,0,1,0,1,1,2,1
1,1,1,0,1,1,1,0,0,1,0,2,1,1
1,1,1,0,0,1,0,0,0,0,0,2,2,1
1,2,1,1,1,1,0,2,2,0,1,0,0,1
2,2,0,0,0,0,1,1,0,0,0,1,0,0
1,1,2,1,1,1,1,0,0,0,0,2,2,2
2,1,1,1,1,1,1,1,1,0,1,1,2,2
2,2,1,0,1,1,1,1,1,1,0,1,1,1
2,1,1,1,1,1,0,2,2,0,1,0,0,1
2,1,1,0,0,2,0,1,0,0,0,1,1,1
2,2,1,1,1,0,1,0,0,0,0,1,0,0
1,1,1,0,1,1,1,1,0,1,0,1,1,1
2,1,1,0,1,1,1,0,1,0,1,1,2,1
2,1,1,0,1,1,1,0,0,1,0,2,2,1
2,1,1,0,0,1,0,2,1,0,0,0,0,0
2,2,2,0,1,0,2,0,0,1,0,2,1,1
2,2,1,1,2,0,1,0,1,0,1,0,1,0
2,1,2,1,1,1,0,1,1,0,0,0,0,0
2,1,1,1,1,0,1,0,0,0,0,1,0,0
1,1,1,0,2,0,2,0,0,1,0,2,1,0
1,2,0,0,1,0,2,0,1,0,1,1,1,0
1,1,1,0,1,1,1,0,0,0,0,2,2,1
2,1,1,0,1,1,1,2,2,0,0,0,0,0
2,2,2,1,1,1,0,0,0,0,0,1,1,1
2,1,1,0,1,0,2,0,0,1,0,2,0,0
2,1,1,0,2,0,2,0,0,1,0,2,1,0
2,1,1,0,0,2,0,2,2,0,1,0,1,1
1,2,1,0,1,1,1,2,2,0,0,0,0,0
2,2,0,0,1,1,1,2,2,0,1,0,1,1
2,2,2,1,1,1,1,1,1,1,1,1,1,1
2,2,2,0,0,2,0,2,2,0,0,0,0,0
2,2,0,0,0,1,0,1,1,0,1,1,2,1
2,1,0,0,0,2,0,0,0,0,0,2,1,1
2,1,2,0,0,1,1,1,1,0,1,1,1,1
1,2,1,0,0,2,0,1,1,0,0,1,1,1
2,1,1,1,1,0,1,0,0,0,0,2,1,0
2,2,0,0,0,2,0,0,0,0,0,2,1,1
2,2,1,1,1,1,1,1,1,1,1,1,1,1
2,2,1,0,0,1,0,1,1,0,1,0,1,0
1,1,1,0,0,2,0,2,2,0,2,0,2,2
2,1,0,0,1,0,2,0,0,0,0,2,0,0
1,1,1,1,1,1,1,0,0,0,0,2,1,1
2,1,0,0,1,1,1,1,1,0,1,1,2,2
1,1,1,0,0,2,0,2,2,0,2,0,2,2
2,1,1,0,0,2,0,2,2,0,1,0,1,1
2,1,1,0,1,1,1,1,0,0,0,1,1,1
2,1,1,0,1,1,1,0,0,0,0,2,1,1
2,1,0,0,0,2,0,1,1,0,1,1,2,2
2,1,0,0,0,1,1,1,2,0,2,0,2,1
1,1,1,0,0,2,0,1,1,0,0,1,1,1
2,1,1,0,1,1,1,1,0,0,0,1,1,0
2,2,2,0,0,2,0,1,1,0,1,1,2,2
1,2,1,1,1,0,1,0,0,0,0,2,1,0
1,1,2,1,2,0,2,0,0,0,0,2,1,0
1,2,1,0,0,2,0,1,1,0,0,1,0,0
1,1,0,0,0,1,0,1,2,0,1,0,1,0
2,1,2,0,0,1,1,1,1,0,1,1,2,1
2,2,2,1,1,1,1,1,1,1,0,1,0,0
2,1,1,0,0,2,0,1,1,0,1,1,1,1
1,1,1,0,1,1,1,2,1,0,0,0,0,0
2,1,2,0,1,0,2,0,0,0,0,2,1,0
2,2,1,0,0,1,0,2,1,0,0,0,0,0
2,1,1,1,1,1,1,1,1,1,1,1,1,1
2,2,2,1,1,1,1,1,0,0,0,1,1,1
1,1,1,0,1,1,1,2,1,0,0,0,0,0
2,2,2,1,2,0,2,0,0,0,0,2,1,0
2,2,1,0,0,2,0,2,1,0,1,0,1,1
1,1,1,0,1,1,0,2,1,0,1,0,1,1
2,1,2,1,1,1,1,1,1,1,0,1,0,0
1,1,1,0,0,1,1,1,1,0,1,1,1,1
2,1,1,0,0,2,0,1,1,0,0,1,1,1
1,2,1,1,1,1,1,0,1,1,1,1,1,1
2,1,0,0,1,1,0,1,1,1,1,1,1,1
2,2,2,0,1,1,1,1,2,0,1,0,1,0
2,2,1,0,1,1,1,1,2,0,1,0,1,0
2,1,0,0,0,2,0,1,1,1,1,1,1,1
2,1,1,1,1,1,1,0,1,0,1,1,2,2
1,1,2,1,1,1,1,1,1,1,1,1,1,1
2,1,2,1,1,0,2,0,0,0,0,2,0,0
2,2,2,2,2,0,2,0,0,0,0,2,1,1
2,1,2,0,0,1,1,1,1,0,0,1,1,1
1,1,1,0,0,2,0,1,1,0,0,1,0,0
1,1,1,1,1,1,1,1,1,0,0,1,0,0
2,2,0,0,0,2,0,0,0,1,0,2,0,0
2,2,1,0,0,1,0,1,1,0,0,1,1,0
2,2,2,0,0,1,1,0,0,0,0,2,1,1
1,1,1,2,2,0,1,0,0,1,0,1,0,0
2,1,1,1,1,1,1,0,0,1,0,2,0,0
2,2,1,0,1,1,1,1,0,0,0,1,1,0
1,2,1,1,1,1,0,0,0,1,0,1,0,0
1,1,0,0,0,1,1,0,1,0,1,0,1,1
2,1,1,0,0,2,0,1,0,0,0,1,1,1
2,1,0,0,0,1,1,0,1,0,1,0,1,1
2,2,1,0,1,1,1,1,1,0,0,1,1,1
2,1,1,0,1,1,1,1,1,0,0,1,1,1
2,2,0,0,1,1,1,2,2,0,0,0,0,0
2,2,1,1,2,0,2,0,0,0,0,2,0,0
2,1,1,0,1,1,1,1,1,0,0,1,1,1
2,2,0,0,0,1,1,0,1,0,1,0,1,1
2,1,1,0,1,1,1,1,1,0,1,1,2,2
2,2,2,1,1,1,1,1,1,0,1,1,1,1
2,2,0,0,0,2,0,1,1,1,1,1,2,2
2,2,0,1,1,0,0,1,1,0,1,1,1,1
2,2,2,0,0,0,2,0,0,0,0,2,0,0
2,2,0,0,1,1,1,2,2,0,1,0,1,1
2,2,1,1,1,1,1,1,1,1,1,1,1,1
2,1,1,0,1,1,1,1,2,1,0,1,0,0
2,2,1,0,0,1,0,1,1,0,1,1,2,1
2,1,1,0,1,1,1,1,1,1,1,1,1,1
1,1,1,1,2,0,2,1,1,1,0,1,0,0
1,2,1,0,0,2,0,0,0,0,0,2,2,2
2,1,1,0,0,2,0,1,1,0,0,1,1,1
2,1,1,0,1,1,1,1,1,0,1,1,2,1
2,1,0,0,0,2,0,1,1,1,1,1,2,2
2,1,1,1,1,1,0,2,1,0,1,0,0,1
1,1,1,0,1,0,2,0,1,0,1,1,2,2
2,2,1,0,0,2,0,1,0,0,0,1,0,0
2,1,1,0,0,1,1,0,0,0,0,2,1,1
1,2,1,1,1,1,1,0,0,0,0,2,1,1
2,2,1,0,0,1,1,1,0,0,0,1,0,0
2,2,1,0,0,1,1,0,1,0,1,1,2,2
1,1,0,0,1,0,1,1,1,0,1,1,1,1
1,1,2,0,0,2,0,2,1,0,1,0,1,1
2,1,1,0,0,2,0,2,1,0,0,0,0,0
2,2,1,1,1,1,1,0,0,0,0,2,1,1
1,2,0,0,0,1,0,2,1,0,1,0,1,1
2,2,2,0,1,0,2,0,0,0,0,2,1,0
2,1,1,0,0,1,1,1,1,0,0,1,0,0
2,1,0,0,0,1,1,1,1,0,1,1,1,1
2,1,1,0,0,2,0,0,0,0,0,2,1,1
1,2,1,0,0,1,1,1,1,0,1,1,1,1
2,1,1,1,1,1,0,0,0,0,0,1,1,1
1,1,1,0,0,1,1,1,1,0,0,1,1,0
2,1,1,1,1,1,0,1,1,0,1,0,1,1
2,2,0,1,1,1,0,0,0,0,0,1,0,0
2,2,1,0,0,0,1,0,0,0,0,2,0,0
1,2,0,1,1,1,0,0,0,0,0,1,0,0
2,2,1,1,1,1,1,0,0,0,0,2,2,2
1,1,1,0,1,1,1,1,0,0,0,1,1,0
2,1,0,0,0,2,0,2,2,0,0,0,0,0
